{
  "name" : "project-template",
  "version" : "1.0.0",
  "parameters" : { },
  "components" : {
    "Functions" : [ {
      "type" : "function",
      "name" : "image_enhancer",
      "properties" : {
        "stack" : "node16",
        "code" : {
          "path" : "functions/image_enhancer.zip"
        },
        "configuration" : {
          "environment" : {
            "variables" : {
              "BROWSER_WS_ENDPOINT": "Your Catalyst SmartBrowz WS endpoint",
              "CODELIB_SECRET_KEY": "CODELIB_FAKE_KEY"
            }
          },
          "memory" : 256
        },
        "type" : "applogic",
        "name" : "image_enhancer"
      },
      "dependsOn" : [ ]
    } ]
  }
}